model_id,file,predicted_class,confidence,top_classes,top_confidences,embeddings,success,model_name,confidence_pct
model_0,sam_1.wav,sun,0.4387955069541931,"['sun', 'son', 'seven', 'south', 'set']","[0.4387955069541931, 0.4085206389427185, 0.06150520220398903, 0.053789541125297546, 0.012707152403891087]","tensor([[0., 0., 0.,  ..., 0., 0., 0.]], device='cuda:0')",True,v31_ep11,43.88%
model_0,sam_2.wav,girl,0.10886286199092865,"['girl', 'put', 'really', 'without', 'well']","[0.10886286199092865, 0.09847018867731094, 0.07129058986902237, 0.060852304100990295, 0.05259848013520241]","tensor([[0., 0., 0.,  ..., 0., 0., 0.]], device='cuda:0')",True,v31_ep11,10.89%
model_0,shambu_1.wav,family,0.5524824857711792,"['family', 'few', 'become', 'young', 'county']","[0.5524824857711792, 0.13400405645370483, 0.07329900562763214, 0.04110325872898102, 0.04036868363618851]","tensor([[0., 0., 0.,  ..., 0., 0., 0.]], device='cuda:0')",True,v31_ep11,55.25%
model_0,shambu_2.wav,until,0.6600761413574219,"['until', 'himself', 'without', 'done', 'desert']","[0.6600761413574219, 0.2669747471809387, 0.04747980833053589, 0.008472708985209465, 0.0051661706529557705]","tensor([[0., 0., 0.,  ..., 0., 0., 0.]], device='cuda:0')",True,v31_ep11,66.01%
model_0,alexa_1.wav,until,0.31146031618118286,"['until', 'please', 'idea', 'under', 'himself']","[0.31146031618118286, 0.21436089277267456, 0.12518665194511414, 0.09249335527420044, 0.04778170958161354]","tensor([[0., 0., 0.,  ..., 0., 0., 0.]], device='cuda:0')",True,v31_ep11,31.15%
model_0,alexa_2.wav,county,0.36451610922813416,"['county', 'until', 'party', 'once', 'answered']","[0.36451610922813416, 0.14463193714618683, 0.0511314794421196, 0.05110954865813255, 0.04974016174674034]","tensor([[0., 0., 0.,  ..., 0., 0., 0.]], device='cuda:0')",True,v31_ep11,36.45%
model_0,alexa_3.wav,until,0.42900362610816956,"['until', 'county', 'point', 'white', 'once']","[0.42900362610816956, 0.20437651872634888, 0.062272924929857254, 0.06020490452647209, 0.04441140964627266]","tensor([[0., 0., 0.,  ..., 0., 0., 0.]], device='cuda:0')",True,v31_ep11,42.90%
model_0,alexa_4.wav,point,0.43582940101623535,"['point', 'under', 'county', 'few', 'away']","[0.43582940101623535, 0.0453338660299778, 0.0371822752058506, 0.033953581005334854, 0.0328475758433342]","tensor([[0., 0., 0.,  ..., 0., 0., 0.]], device='cuda:0')",True,v31_ep11,43.58%
model_0,alexa_5.wav,until,0.35503053665161133,"['until', 'please', 'include', 'put', 'within']","[0.35503053665161133, 0.2537152171134949, 0.0662911906838417, 0.06001482531428337, 0.048369452357292175]","tensor([[0., 0., 0.,  ..., 0., 0., 0.]], device='cuda:0')",True,v31_ep11,35.50%
model_0,shiva_1.wav,show,0.4769916534423828,"['show', 'few', 'until', 'set', 'soon']","[0.4769916534423828, 0.13562557101249695, 0.11489856988191605, 0.10022734850645065, 0.03265257552266121]","tensor([[0., 0., 0.,  ..., 0., 0., 0.]], device='cuda:0')",True,v31_ep11,47.70%
model_0,shiva_2.wav,until,0.3059763014316559,"['until', 'idea', 'party', 'county', 'under']","[0.3059763014316559, 0.15983176231384277, 0.1086251512169838, 0.08644411712884903, 0.05722583457827568]","tensor([[0., 0., 0.,  ..., 0., 0., 0.]], device='cuda:0')",True,v31_ep11,30.60%
model_0,munez_2.wav,woman,0.2517069876194,"['woman', 'money', 'following', 'early', 'family']","[0.2517069876194, 0.24609413743019104, 0.179054394364357, 0.1334291249513626, 0.07858332991600037]","tensor([[0., 0., 0.,  ..., 0., 0., 0.]], device='cuda:0')",True,v31_ep11,25.17%
model_0,munez_3.wav,wanted,0.4401380121707916,"['wanted', 'money', 'woman', 'point', 'once']","[0.4401380121707916, 0.21200990676879883, 0.08307713270187378, 0.05175771564245224, 0.04886645823717117]","tensor([[0., 0., 0.,  ..., 0., 0., 0.]], device='cuda:0')",True,v31_ep11,44.01%
model_0,nigga2.wav,mean,0.27971768379211426,"['mean', 'read', 'being', 'knew', 'give']","[0.27971768379211426, 0.2430831342935562, 0.09936577081680298, 0.09607820957899094, 0.06546924263238907]","tensor([[0., 0., 0.,  ..., 0., 0., 0.]], device='cuda:0')",True,v31_ep11,27.97%
model_0,nigga3.wav,idea,0.9811586141586304,"['idea', 'read', 'knew', 'really', 'mean']","[0.9811586141586304, 0.006394931580871344, 0.004049867857247591, 0.002316189929842949, 0.0018373833736404777]","tensor([[0., 0., 0.,  ..., 0., 0., 0.]], device='cuda:0')",True,v31_ep11,98.12%
model_0,kallan_1.wav,well,0.8948812484741211,"['well', 'early', 'really', 'following', 'family']","[0.8948812484741211, 0.028826065361499786, 0.02319583110511303, 0.021120324730873108, 0.007376133929938078]","tensor([[0., 0., 0.,  ..., 0., 0., 0.]], device='cuda:0')",True,v31_ep11,89.49%
model_0,kallan_2.wav,until,0.4779515564441681,"['until', 'county', 'family', 'answered', 'south']","[0.4779515564441681, 0.16961555182933807, 0.0660928413271904, 0.06088978797197342, 0.03431923687458038]","tensor([[0., 0., 0.,  ..., 0., 0., 0.]], device='cuda:0')",True,v31_ep11,47.80%
model_0,Hello1.mp3,top,0.8717435002326965,"['top', 'girl', 'done', 'help', 'north']","[0.8717435002326965, 0.04994192346930504, 0.022709306329488754, 0.01568605564534664, 0.01088007539510727]","tensor([[0., 0., 0.,  ..., 0., 0., 0.]], device='cuda:0')",True,v31_ep11,87.17%
model_0,Eliza1.mp3,water,0.7420701384544373,"['water', 'well', 'last', 'father', 'live']","[0.7420701384544373, 0.05373591557145119, 0.044455546885728836, 0.03923225775361061, 0.038023196160793304]","tensor([[0., 0., 0.,  ..., 0., 0., 0.]], device='cuda:0')",True,v31_ep11,74.21%
model_0,Skywalker_en-AU-jimm.mp3,small,0.7681498527526855,"['small', 'state', 'show', 'today', 'street']","[0.7681498527526855, 0.10027045756578445, 0.04909231886267662, 0.03652830421924591, 0.020497389137744904]","tensor([[0., 0., 0.,  ..., 0., 0., 0.]], device='cuda:0')",True,v31_ep11,76.81%
model_0,Skywalker_en-AU-kylie.mp3,seven,0.9859198331832886,"['seven', 'following', 'soon', 'son', 'served']","[0.9859198331832886, 0.0035555886570364237, 0.0035184237640351057, 0.002076178789138794, 0.0017487090080976486]","tensor([[0., 0., 0.,  ..., 0., 0., 0.]], device='cuda:0')",True,v31_ep11,98.59%
model_0,Thunderbolt_en-AU-jimm.mp3,public,0.9836443066596985,"['public', 'college', 'father', 'following', 'point']","[0.9836443066596985, 0.015364356338977814, 0.00046155552263371646, 0.0004155329370405525, 4.4706688640872017e-05]","tensor([[0., 0., 0.,  ..., 0., 0., 0.]], device='cuda:0')",True,v31_ep11,98.36%
model_0,Thunderbolt_en-AU-kylie.mp3,under,0.37032631039619446,"['under', 'county', 'family', 'public', 'college']","[0.37032631039619446, 0.1509227603673935, 0.12697279453277588, 0.11413354426622391, 0.07433320581912994]","tensor([[0.0000, 0.0000, 0.1239,  ..., 0.0000, 0.0000, 0.0000]],
       device='cuda:0')",True,v31_ep11,37.03%
model_1,sam_1.wav,seven,0.45926910638809204,"['seven', 'son', 'sun', 'father', 'himself']","[0.45926910638809204, 0.1974778026342392, 0.13029296696186066, 0.06485111266374588, 0.05726495012640953]","tensor([[0., 0., 0.,  ..., 0., 0., 0.]], device='cuda:0')",True,v31_ep9,45.93%
model_1,sam_2.wav,done,0.19566728174686432,"['done', 'himself', 'include', 'important', 'without']","[0.19566728174686432, 0.1925051063299179, 0.10601355135440826, 0.09034211933612823, 0.05076072737574577]","tensor([[0., 0., 0.,  ..., 0., 0., 0.]], device='cuda:0')",True,v31_ep9,19.57%
model_1,shambu_1.wav,family,0.4426523745059967,"['family', 'until', 'done', 'become', 'seven']","[0.4426523745059967, 0.1878766119480133, 0.10073159635066986, 0.0803358182311058, 0.049274470657110214]","tensor([[0., 0., 0.,  ..., 0., 0., 0.]], device='cuda:0')",True,v31_ep9,44.27%
model_1,shambu_2.wav,young,0.8797315359115601,"['young', 'done', 'really', 'without', 'become']","[0.8797315359115601, 0.04230058193206787, 0.037816572934389114, 0.010581512935459614, 0.010334884747862816]","tensor([[0., 0., 0.,  ..., 0., 0., 0.]], device='cuda:0')",True,v31_ep9,87.97%
model_1,alexa_1.wav,under,0.2816563844680786,"['under', 'himself', 'already', 'until', 'idea']","[0.2816563844680786, 0.10972769558429718, 0.10936596989631653, 0.1071944460272789, 0.09507182240486145]","tensor([[0., 0., 0.,  ..., 0., 0., 0.]], device='cuda:0')",True,v31_ep9,28.17%
model_1,alexa_2.wav,once,0.22487740218639374,"['once', 'county', 'language', 'point', 'answered']","[0.22487740218639374, 0.12734974920749664, 0.12021563947200775, 0.10481168329715729, 0.055700819939374924]","tensor([[0., 0., 0.,  ..., 0., 0., 0.]], device='cuda:0')",True,v31_ep9,22.49%
model_1,alexa_3.wav,include,0.26613643765449524,"['include', 'until', 'county', 'already', 'language']","[0.26613643765449524, 0.16781550645828247, 0.12830489873886108, 0.08024437725543976, 0.05023900046944618]","tensor([[0., 0., 0.,  ..., 0., 0., 0.]], device='cuda:0')",True,v31_ep9,26.61%
model_1,alexa_4.wav,point,0.1788453608751297,"['point', 'under', 'company', 'county', 'wanted']","[0.1788453608751297, 0.17833249270915985, 0.11188265681266785, 0.10643532127141953, 0.07579225301742554]","tensor([[0., 0., 0.,  ..., 0., 0., 0.]], device='cuda:0')",True,v31_ep9,17.88%
model_1,alexa_5.wav,include,0.7165589332580566,"['include', 'until', 'under', 'end', 'looked']","[0.7165589332580566, 0.17741382122039795, 0.03735809773206711, 0.010592028498649597, 0.009807953611016273]","tensor([[0., 0., 0.,  ..., 0., 0., 0.]], device='cuda:0')",True,v31_ep9,71.66%
model_1,shiva_1.wav,idea,0.6429488062858582,"['idea', 'national', 'until', 'himself', 'station']","[0.6429488062858582, 0.08321868628263474, 0.06734541803598404, 0.06369512528181076, 0.03373688459396362]","tensor([[0., 0., 0.,  ..., 0., 0., 0.]], device='cuda:0')",True,v31_ep9,64.29%
model_1,shiva_2.wav,nine,0.30373865365982056,"['nine', 'young', 'idea', 'large', 'yes']","[0.30373865365982056, 0.2947097718715668, 0.07167237997055054, 0.05982517451047897, 0.04946485906839371]","tensor([[0., 0., 0.,  ..., 0., 0., 0.]], device='cuda:0')",True,v31_ep9,30.37%
model_1,munez_2.wav,morning,0.6525030136108398,"['morning', 'money', 'well', 'away', 'woman']","[0.6525030136108398, 0.07786522060632706, 0.06920807808637619, 0.06667206436395645, 0.051899924874305725]","tensor([[0., 0., 0.,  ..., 0., 0., 0.]], device='cuda:0')",True,v31_ep9,65.25%
model_1,munez_3.wav,morning,0.34945857524871826,"['morning', 'woman', 'money', 'really', 'wanted']","[0.34945857524871826, 0.2810874283313751, 0.24100755155086517, 0.030964352190494537, 0.02246093936264515]","tensor([[0., 0., 0.,  ..., 0., 0., 0.]], device='cuda:0')",True,v31_ep9,34.95%
model_1,nigga2.wav,music,0.947273850440979,"['music', 'yes', 'near', 'himself', 'mean']","[0.947273850440979, 0.02425828017294407, 0.020800361409783363, 0.004257235210388899, 0.001609322032891214]","tensor([[0., 0., 0.,  ..., 0., 0., 0.]], device='cuda:0')",True,v31_ep9,94.73%
model_1,nigga3.wav,music,0.7143730521202087,"['music', 'yes', 'himself', 'near', 'idea']","[0.7143730521202087, 0.24078290164470673, 0.023083148524165154, 0.0203398447483778, 0.001324366545304656]","tensor([[0., 0., 0.,  ..., 0., 0., 0.]], device='cuda:0')",True,v31_ep9,71.44%
model_1,kallan_1.wav,without,0.272248774766922,"['without', 'well', 'really', 'himself', 'family']","[0.272248774766922, 0.21455726027488708, 0.09972197562456131, 0.09582196921110153, 0.0884619951248169]","tensor([[0., 0., 0.,  ..., 0., 0., 0.]], device='cuda:0')",True,v31_ep9,27.22%
model_1,kallan_2.wav,done,0.33391353487968445,"['done', 'number', 'family', 'sometimes', 'nine']","[0.33391353487968445, 0.11365474760532379, 0.11264966428279877, 0.06643592566251755, 0.057937607169151306]","tensor([[0., 0., 0.,  ..., 0., 0., 0.]], device='cuda:0')",True,v31_ep9,33.39%
model_1,Hello1.mp3,done,0.6493838429450989,"['done', 'girl', 'nine', 'heart', 'young']","[0.6493838429450989, 0.2922157049179077, 0.03773466870188713, 0.004199085291475058, 0.0032121932599693537]","tensor([[0., 0., 0.,  ..., 0., 0., 0.]], device='cuda:0')",True,v31_ep9,64.94%
model_1,Eliza1.mp3,water,0.8156347274780273,"['water', 'desert', 'father', 'well', 'river']","[0.8156347274780273, 0.09657289832830429, 0.0603983998298645, 0.007874991744756699, 0.0069294641725718975]","tensor([[0., 0., 0.,  ..., 0., 0., 0.]], device='cuda:0')",True,v31_ep9,81.56%
model_1,Skywalker_en-AU-jimm.mp3,fire,0.269286572933197,"['fire', 'small', 'father', 'today', 'seven']","[0.269286572933197, 0.2605254054069519, 0.23712874948978424, 0.06790908426046371, 0.04643908888101578]","tensor([[0., 0., 0.,  ..., 0., 0., 0.]], device='cuda:0')",True,v31_ep9,26.93%
model_1,Skywalker_en-AU-kylie.mp3,seven,0.9980528354644775,"['seven', 'children', 'following', 'served', 'sometimes']","[0.9980528354644775, 0.0012199132470414042, 0.0003791247436311096, 0.0001336803543381393, 9.669749852037057e-05]","tensor([[0., 0., 0.,  ..., 0., 0., 0.]], device='cuda:0')",True,v31_ep9,99.81%
model_1,Thunderbolt_en-AU-jimm.mp3,public,0.9411589503288269,"['public', 'father', 'following', 'college', 'family']","[0.9411589503288269, 0.05093913897871971, 0.005276156589388847, 0.0016622386174276471, 0.0005020711105316877]","tensor([[0.0000, 0.0000, 0.3279,  ..., 0.0000, 0.0000, 0.0000]],
       device='cuda:0')",True,v31_ep9,94.12%
model_1,Thunderbolt_en-AU-kylie.mp3,sometimes,0.9997063279151917,"['sometimes', 'number', 'father', 'himself', 'black']","[0.9997063279151917, 0.0002765971585176885, 3.371750381120364e-06, 3.2276111596729606e-06, 2.915545110226958e-06]","tensor([[0.0000, 0.0000, 0.3115,  ..., 0.0000, 0.0000, 0.0000]],
       device='cuda:0')",True,v31_ep9,99.97%
model_2,sam_1.wav,sun,0.596634030342102,"['sun', 'son', 'seven', 'soon', 'south']","[0.596634030342102, 0.40253639221191406, 0.0007965832483023405, 1.2907237760373391e-05, 1.0140674021386076e-05]","tensor([[0., 0., 0.,  ..., 0., 0., 0.]], device='cuda:0')",True,v33_ep27,59.66%
model_2,sam_2.wav,son,0.9876555800437927,"['son', 'sun', 'seven', 'done', 'father']","[0.9876555800437927, 0.012317164801061153, 2.2895526853972115e-05, 2.5541792183503276e-06, 1.1053168691432802e-06]","tensor([[0., 0., 0.,  ..., 0., 0., 0.]], device='cuda:0')",True,v33_ep27,98.77%
model_2,shambu_1.wav,done,0.9997480511665344,"['done', 'children', 'young', 'family', 'son']","[0.9997480511665344, 0.00015879365673754364, 7.057387847453356e-05, 2.142028279195074e-05, 1.036004391608003e-06]","tensor([[0., 0., 0.,  ..., 0., 0., 0.]], device='cuda:0')",True,v33_ep27,99.97%
model_2,shambu_2.wav,until,0.9999997615814209,"['until', 'done', 'under', 'become', 'really']","[0.9999997615814209, 1.7806486596327886e-07, 1.0951552553706279e-08, 9.775390275024165e-09, 3.9458951661686115e-09]","tensor([[0., 0., 0.,  ..., 0., 0., 0.]], device='cuda:0')",True,v33_ep27,100.00%
model_2,alexa_1.wav,idea,1.0,"['idea', 'anything', 'until', 'already', 'everything']","[1.0, 4.7279485215767636e-08, 1.008524513901321e-10, 5.120142157477581e-12, 2.2550032316697582e-13]","tensor([[0., 0., 0.,  ..., 0., 0., 0.]], device='cuda:0')",True,v33_ep27,100.00%
model_2,alexa_2.wav,few,0.9370927810668945,"['few', 'ever', 'everyone', 'play', 'second']","[0.9370927810668945, 0.01982208341360092, 0.014670895412564278, 0.004756229463964701, 0.00375465489923954]","tensor([[0., 0., 0.,  ..., 0., 0., 0.]], device='cuda:0')",True,v33_ep27,93.71%
model_2,alexa_3.wav,anything,0.9617340564727783,"['anything', 'everything', 'until', 'idea', 'please']","[0.9617340564727783, 0.037613749504089355, 0.00018623175856191665, 0.00016070080164354295, 0.00010560929513303563]","tensor([[0., 0., 0.,  ..., 0., 0., 0.]], device='cuda:0')",True,v33_ep27,96.17%
model_2,alexa_4.wav,anything,0.598382830619812,"['anything', 'well', 'money', 'family', 'early']","[0.598382830619812, 0.2843707799911499, 0.08914104849100113, 0.013587895780801773, 0.005147408694028854]","tensor([[0., 0., 0.,  ..., 0., 0., 0.]], device='cuda:0')",True,v33_ep27,59.84%
model_2,alexa_5.wav,idea,1.0,"['idea', 'until', 'under', 'really', 'today']","[1.0, 2.620054173618769e-09, 7.942484447909237e-10, 7.355741016290551e-12, 6.400781814297485e-12]","tensor([[0., 0., 0.,  ..., 0., 0., 0.]], device='cuda:0')",True,v33_ep27,100.00%
model_2,shiva_1.wav,soon,0.262024849653244,"['soon', 'show', 'doing', 'today', 'seven']","[0.262024849653244, 0.2104158103466034, 0.1895698606967926, 0.11220100522041321, 0.06010127812623978]","tensor([[0., 0., 0.,  ..., 0., 0., 0.]], device='cuda:0')",True,v33_ep27,26.20%
model_2,shiva_2.wav,few,0.9032155275344849,"['few', 'until', 'idea', 'street', 'include']","[0.9032155275344849, 0.09675825387239456, 5.399312613008078e-06, 5.095786946185399e-06, 4.694333711086074e-06]","tensor([[0., 0., 0.,  ..., 0., 0., 0.]], device='cuda:0')",True,v33_ep27,90.32%
model_2,munez_2.wav,within,0.9856728315353394,"['within', 'please', 'wind', 'woman', 'really']","[0.9856728315353394, 0.009481428191065788, 0.0032822294160723686, 0.0013930477434769273, 9.84151047305204e-05]","tensor([[0., 0., 0.,  ..., 0., 0., 0.]], device='cuda:0')",True,v33_ep27,98.57%
model_2,munez_3.wav,within,0.4639398157596588,"['within', 'doing', 'woman', 'really', 'today']","[0.4639398157596588, 0.3429337739944458, 0.1891336888074875, 0.0035164819564670324, 0.00032419938361272216]","tensor([[0., 0., 0.,  ..., 0., 0., 0.]], device='cuda:0')",True,v33_ep27,46.39%
model_2,nigga2.wav,yes,0.9998698234558105,"['yes', 'englishman', 'idea', 'war', 'water']","[0.9998698234558105, 7.149829616537318e-05, 5.8502988395048305e-05, 7.806477242411347e-08, 2.0278674739415692e-08]","tensor([[0., 0., 0.,  ..., 0., 0., 0.]], device='cuda:0')",True,v33_ep27,99.99%
model_2,nigga3.wav,yes,1.0,"['yes', 'idea', 'englishman', 'today', 'war']","[1.0, 3.390333846997606e-11, 1.485765720524168e-13, 4.5823499755889935e-17, 3.2676453227372174e-17]","tensor([[0., 0., 0.,  ..., 0., 0., 0.]], device='cuda:0')",True,v33_ep27,100.00%
model_2,kallan_1.wav,south,0.8239378929138184,"['south', 'father', 'family', 'following', 'without']","[0.8239378929138184, 0.1757386177778244, 0.00030802065157331526, 9.653495908423793e-06, 2.5322472083644243e-06]","tensor([[0., 0., 0.,  ..., 0., 0., 0.]], device='cuda:0')",True,v33_ep27,82.39%
model_2,kallan_2.wav,money,0.9994416832923889,"['money', 'among', 'morning', 'wanted', 'father']","[0.9994416832923889, 0.000553967256564647, 1.4052294545763289e-06, 1.144301450040075e-06, 5.808824425912462e-07]","tensor([[0., 0., 0.,  ..., 0., 0., 0.]], device='cuda:0')",True,v33_ep27,99.94%
model_2,Hello1.mp3,girl,0.9863112568855286,"['girl', 'top', 'group', 'heart', 'help']","[0.9863112568855286, 0.01238380465656519, 0.0007165196584537625, 0.000362229737220332, 0.00022535069729201496]","tensor([[0., 0., 0.,  ..., 0., 0., 0.]], device='cuda:0')",True,v33_ep27,98.63%
model_2,Eliza1.mp3,water,0.9260656237602234,"['water', 'father', 'well', 'without', 'river']","[0.9260656237602234, 0.05609149858355522, 0.011594647541642189, 0.0029873030725866556, 0.002593196928501129]","tensor([[0., 0., 0.,  ..., 0., 0., 0.]], device='cuda:0')",True,v33_ep27,92.61%
model_2,Skywalker_en-AU-jimm.mp3,son,0.9999086856842041,"['son', 'small', 'father', 'sun', 'seven']","[0.9999086856842041, 3.9730472053634e-05, 2.9151107810321264e-05, 1.771925417415332e-05, 3.6031963190907845e-06]","tensor([[0., 0., 0.,  ..., 0., 0., 0.]], device='cuda:0')",True,v33_ep27,99.99%
model_2,Skywalker_en-AU-kylie.mp3,seven,1.0,"['seven', 'following', 'family', 'sun', 'children']","[1.0, 4.3601133120629854e-11, 5.3662417391631134e-12, 5.940723173808449e-13, 4.648267998603344e-16]","tensor([[0., 0., 0.,  ..., 0., 0., 0.]], device='cuda:0')",True,v33_ep27,100.00%
model_2,Thunderbolt_en-AU-jimm.mp3,father,0.7788096070289612,"['father', 'number', 'album', 'under', 'public']","[0.7788096070289612, 0.1966114193201065, 0.020436426624655724, 0.004088657908141613, 1.8947790522361174e-05]","tensor([[0., 0., 0.,  ..., 0., 0., 0.]], device='cuda:0')",True,v33_ep27,77.88%
model_2,Thunderbolt_en-AU-kylie.mp3,number,0.9999988079071045,"['number', 'among', 'become', 'family', 'done']","[0.9999988079071045, 1.1311785783618689e-06, 2.9836439985331253e-09, 1.2006868832514783e-09, 5.532909685967979e-10]","tensor([[0., 0., 0.,  ..., 0., 0., 0.]], device='cuda:0')",True,v33_ep27,100.00%
model_3,sam_1.wav,sun,0.9783632755279541,"['sun', 'son', 'soon', 'seven', 'system']","[0.9783632755279541, 0.020309776067733765, 0.0007194482022896409, 0.0005776453763246536, 1.582758159202058e-05]","tensor([[0., 0., 0.,  ..., 0., 0., 0.]], device='cuda:0')",True,v33_ep24,97.84%
model_3,sam_2.wav,son,0.8906242251396179,"['son', 'sun', 'seven', 'done', 'father']","[0.8906242251396179, 0.10874597728252411, 0.0005738118197768927, 2.5546563847456127e-05, 1.984828668355476e-05]","tensor([[0., 0., 0.,  ..., 0., 0., 0.]], device='cuda:0')",True,v33_ep24,89.06%
model_3,shambu_1.wav,done,0.9834322333335876,"['done', 'young', 'family', 'children', 'son']","[0.9834322333335876, 0.013975244015455246, 0.0019430321408435702, 0.0004731322405859828, 0.00014783322694711387]","tensor([[0., 0., 0.,  ..., 0., 0., 0.]], device='cuda:0')",True,v33_ep24,98.34%
model_3,shambu_2.wav,until,0.9999359846115112,"['until', 'become', 'done', 'few', 'under']","[0.9999359846115112, 2.852321085811127e-05, 1.5411467757076025e-05, 1.1596233889576979e-05, 4.263868504494894e-06]","tensor([[0., 0., 0.,  ..., 0., 0., 0.]], device='cuda:0')",True,v33_ep24,99.99%
model_3,alexa_1.wav,idea,0.9999998807907104,"['idea', 'anything', 'already', 'really', 'everything']","[0.9999998807907104, 7.012407365891704e-08, 6.240004069013594e-10, 1.0350691831417791e-10, 2.6037311195992174e-11]","tensor([[0., 0., 0.,  ..., 0., 0., 0.]], device='cuda:0')",True,v33_ep24,100.00%
model_3,alexa_2.wav,few,0.9514774680137634,"['few', 'everyone', 'ever', 'play', 'idea']","[0.9514774680137634, 0.01546415127813816, 0.007800258230417967, 0.005157858598977327, 0.004861842840909958]","tensor([[0., 0., 0.,  ..., 0., 0., 0.]], device='cuda:0')",True,v33_ep24,95.15%
model_3,alexa_3.wav,everything,0.6274712681770325,"['everything', 'anything', 'within', 'please', 'until']","[0.6274712681770325, 0.3563041388988495, 0.01343680452555418, 0.0014817313058301806, 0.00026701766182668507]","tensor([[0., 0., 0.,  ..., 0., 0., 0.]], device='cuda:0')",True,v33_ep24,62.75%
model_3,alexa_4.wav,family,0.7271204590797424,"['family', 'public', 'early', 'anything', 'language']","[0.7271204590797424, 0.1796647161245346, 0.04223453998565674, 0.029729343950748444, 0.007829759269952774]","tensor([[0., 0., 0.,  ..., 0., 0., 0.]], device='cuda:0')",True,v33_ep24,72.71%
model_3,alexa_5.wav,idea,1.0,"['idea', 'until', 'under', 'anything', 'water']","[1.0, 3.669329423638956e-11, 6.303614748237596e-12, 7.531063988576447e-13, 2.1602309513684553e-13]","tensor([[0., 0., 0.,  ..., 0., 0., 0.]], device='cuda:0')",True,v33_ep24,100.00%
model_3,shiva_1.wav,soon,0.48701032996177673,"['soon', 'seven', 'family', 'sun', 'today']","[0.48701032996177673, 0.1715300977230072, 0.11402886360883713, 0.05248592793941498, 0.047148559242486954]","tensor([[0., 0., 0.,  ..., 0., 0., 0.]], device='cuda:0')",True,v33_ep24,48.70%
model_3,shiva_2.wav,few,0.9492720365524292,"['few', 'until', 'idea', 'street', 'give']","[0.9492720365524292, 0.050241537392139435, 0.00041845557279884815, 2.6623205485520884e-05, 1.3023734936723486e-05]","tensor([[0., 0., 0.,  ..., 0., 0., 0.]], device='cuda:0')",True,v33_ep24,94.93%
model_3,munez_2.wav,within,0.6455690264701843,"['within', 'wind', 'woman', 'doing', 'really']","[0.6455690264701843, 0.34208378195762634, 0.011265753768384457, 0.0005102686700411141, 0.0004668078036047518]","tensor([[0., 0., 0.,  ..., 0., 0., 0.]], device='cuda:0')",True,v33_ep24,64.56%
model_3,munez_3.wav,woman,0.9921229481697083,"['woman', 'within', 'doing', 'really', 'today']","[0.9921229481697083, 0.006277532782405615, 0.001576431910507381, 1.973767029994633e-05, 1.7906847915583057e-06]","tensor([[0., 0., 0.,  ..., 0., 0., 0.]], device='cuda:0')",True,v33_ep24,99.21%
model_3,nigga2.wav,yes,0.9949766993522644,"['yes', 'englishman', 'idea', 'war', 'water']","[0.9949766993522644, 0.004772698041051626, 0.0002494158106856048, 8.898343253349594e-07, 2.7312114525557263e-07]","tensor([[0., 0., 0.,  ..., 0., 0., 0.]], device='cuda:0')",True,v33_ep24,99.50%
model_3,nigga3.wav,yes,1.0,"['yes', 'idea', 'englishman', 'children', 'war']","[1.0, 6.177981737298666e-11, 5.48640907011011e-12, 1.9981134531232153e-15, 6.713422997770994e-17]","tensor([[0., 0., 0.,  ..., 0., 0., 0.]], device='cuda:0')",True,v33_ep24,100.00%
model_3,kallan_1.wav,father,0.6079496741294861,"['father', 'south', 'family', 'following', 'public']","[0.6079496741294861, 0.17512758076190948, 0.1565796285867691, 0.04890212044119835, 0.005473298020660877]","tensor([[0., 0., 0.,  ..., 0., 0., 0.]], device='cuda:0')",True,v33_ep24,60.79%
model_3,kallan_2.wav,money,0.966657817363739,"['money', 'among', 'sun', 'well', 'father']","[0.966657817363739, 0.031654585152864456, 0.0005943615105934441, 0.00028866445063613355, 0.0002001867105718702]","tensor([[0., 0., 0.,  ..., 0., 0., 0.]], device='cuda:0')",True,v33_ep24,96.67%
model_3,Hello1.mp3,girl,0.9992875456809998,"['girl', 'group', 'top', 'heart', 'everyone']","[0.9992875456809998, 0.00036459631519392133, 0.0003094796556979418, 3.4633423638297245e-05, 2.621851990625146e-06]","tensor([[0., 0., 0.,  ..., 0., 0., 0.]], device='cuda:0')",True,v33_ep24,99.93%
model_3,Eliza1.mp3,water,0.6073012351989746,"['water', 'well', 'woman', 'river', 'war']","[0.6073012351989746, 0.35210803151130676, 0.02005706913769245, 0.00399048114195466, 0.003382745897397399]","tensor([[0., 0., 0.,  ..., 0., 0., 0.]], device='cuda:0')",True,v33_ep24,60.73%
model_3,Skywalker_en-AU-jimm.mp3,son,0.3662780225276947,"['son', 'father', 'small', 'following', 'sun']","[0.3662780225276947, 0.3274770677089691, 0.29511144757270813, 0.008502058684825897, 0.002175635425373912]","tensor([[0., 0., 0.,  ..., 0., 0., 0.]], device='cuda:0')",True,v33_ep24,36.63%
model_3,Skywalker_en-AU-kylie.mp3,seven,1.0,"['seven', 'family', 'following', 'sometimes', 'sun']","[1.0, 1.804616178713303e-10, 1.682471349739867e-11, 4.410284529070274e-13, 3.63990304910744e-13]","tensor([[0., 0., 0.,  ..., 0., 0., 0.]], device='cuda:0')",True,v33_ep24,100.00%
model_3,Thunderbolt_en-AU-jimm.mp3,father,0.955760657787323,"['father', 'album', 'number', 'family', 'sometimes']","[0.955760657787323, 0.025842158123850822, 0.015403621830046177, 0.0016569978324696422, 0.0005434390041045845]","tensor([[0., 0., 0.,  ..., 0., 0., 0.]], device='cuda:0')",True,v33_ep24,95.58%
model_3,Thunderbolt_en-AU-kylie.mp3,number,0.9996678829193115,"['number', 'among', 'family', 'sometimes', 'company']","[0.9996678829193115, 0.00032829210977070034, 2.137164528903668e-06, 1.629806092751096e-06, 5.566156602299088e-08]","tensor([[0., 0., 0.,  ..., 0., 0., 0.]], device='cuda:0')",True,v33_ep24,99.97%
model_4,sam_1.wav,sun,0.6571074724197388,"['sun', 'son', 'seven', 'system', 'soon']","[0.6571074724197388, 0.299091100692749, 0.022028503939509392, 0.01659272611141205, 0.0027292922604829073]","tensor([[0., 0., 0.,  ..., 0., 0., 0.]], device='cuda:0')",True,v33_ep19,65.71%
model_4,sam_2.wav,sun,0.5884202718734741,"['sun', 'son', 'seven', 'done', 'fire']","[0.5884202718734741, 0.27661818265914917, 0.12417278438806534, 0.0033466401509940624, 0.0018896807450801134]","tensor([[0., 0., 0.,  ..., 0., 0., 0.]], device='cuda:0')",True,v33_ep19,58.84%
model_4,shambu_1.wav,done,0.595454216003418,"['done', 'young', 'children', 'family', 'become']","[0.595454216003418, 0.39292240142822266, 0.004117107950150967, 0.003048722166568041, 0.002579611726105213]","tensor([[0., 0., 0.,  ..., 0., 0., 0.]], device='cuda:0')",True,v33_ep19,59.55%
model_4,shambu_2.wav,until,0.9999024868011475,"['until', 'become', 'few', 'girl', 'done']","[0.9999024868011475, 5.8379213442094624e-05, 1.0976475095958449e-05, 1.0697549441829324e-05, 6.652047886746004e-06]","tensor([[0., 0., 0.,  ..., 0., 0., 0.]], device='cuda:0')",True,v33_ep19,99.99%
model_4,alexa_1.wav,idea,0.9994363188743591,"['idea', 'really', 'anything', 'being', 'play']","[0.9994363188743591, 0.0005108838668093085, 3.264951010351069e-05, 1.4087127055972815e-05, 2.2231286038731923e-06]","tensor([[0., 0., 0.,  ..., 0., 0., 0.]], device='cuda:0')",True,v33_ep19,99.94%
model_4,alexa_2.wav,few,0.34580785036087036,"['few', 'idea', 'until', 'ever', 'knew']","[0.34580785036087036, 0.18582728505134583, 0.11112263053655624, 0.08109918981790543, 0.03654070943593979]","tensor([[0., 0., 0.,  ..., 0., 0., 0.]], device='cuda:0')",True,v33_ep19,34.58%
model_4,alexa_3.wav,anything,0.968985378742218,"['anything', 'everything', 'next', 'please', 'until']","[0.968985378742218, 0.02091863937675953, 0.003826162777841091, 0.0033240471966564655, 0.0008127436740323901]","tensor([[0., 0., 0.,  ..., 0., 0., 0.]], device='cuda:0')",True,v33_ep19,96.90%
model_4,alexa_4.wav,please,0.26324930787086487,"['please', 'language', 'played', 'anything', 'money']","[0.26324930787086487, 0.14630632102489471, 0.10529053956270218, 0.09818463772535324, 0.06966335326433182]","tensor([[0., 0., 0.,  ..., 0., 0., 0.]], device='cuda:0')",True,v33_ep19,26.32%
model_4,alexa_5.wav,idea,0.9922996163368225,"['idea', 'live', 'being', 'knew', 'really']","[0.9922996163368225, 0.0071511175483465195, 0.00015472745872102678, 9.309496090281755e-05, 9.204915113514289e-05]","tensor([[0., 0., 0.,  ..., 0., 0., 0.]], device='cuda:0')",True,v33_ep19,99.23%
model_4,shiva_1.wav,few,0.2627166211605072,"['few', 'show', 'soon', 'fire', 'today']","[0.2627166211605072, 0.1776718646287918, 0.15736757218837738, 0.06780871003866196, 0.06553934514522552]","tensor([[0., 0., 0.,  ..., 0., 0., 0.]], device='cuda:0')",True,v33_ep19,26.27%
model_4,shiva_2.wav,until,0.6996983885765076,"['until', 'few', 'idea', 'please', 'give']","[0.6996983885765076, 0.2606530487537384, 0.01686864160001278, 0.008258501067757607, 0.005948919337242842]","tensor([[0., 0., 0.,  ..., 0., 0., 0.]], device='cuda:0')",True,v33_ep19,69.97%
model_4,munez_2.wav,within,0.5850685238838196,"['within', 'wind', 'really', 'woman', 'doing']","[0.5850685238838196, 0.3967387080192566, 0.014395386911928654, 0.0015141591429710388, 0.0012016576947644353]","tensor([[0., 0., 0.,  ..., 0., 0., 0.]], device='cuda:0')",True,v33_ep19,58.51%
model_4,munez_3.wav,within,0.8993439078330994,"['within', 'soon', 'really', 'doing', 'please']","[0.8993439078330994, 0.04084785655140877, 0.02449246309697628, 0.02135908044874668, 0.007899431511759758]","tensor([[0., 0., 0.,  ..., 0., 0., 0.]], device='cuda:0')",True,v33_ep19,89.93%
model_4,nigga2.wav,englishman,0.6514946222305298,"['englishman', 'yes', 'himself', 'music', 'idea']","[0.6514946222305298, 0.18387222290039062, 0.15665796399116516, 0.004794565495103598, 0.000747700862120837]","tensor([[0., 0., 0.,  ..., 0., 0., 0.]], device='cuda:0')",True,v33_ep19,65.15%
model_4,nigga3.wav,yes,0.9999992847442627,"['yes', 'idea', 'englishman', 'himself', 'today']","[0.9999992847442627, 5.613858888864343e-07, 1.0839664810191607e-07, 2.449398728288088e-08, 2.1757566859292865e-09]","tensor([[0., 0., 0.,  ..., 0., 0., 0.]], device='cuda:0')",True,v33_ep19,100.00%
model_4,kallan_1.wav,south,0.6455144882202148,"['south', 'father', 'really', 'following', 'well']","[0.6455144882202148, 0.3081294298171997, 0.013291877694427967, 0.009713682346045971, 0.0093832453712821]","tensor([[0., 0., 0.,  ..., 0., 0., 0.]], device='cuda:0')",True,v33_ep19,64.55%
model_4,kallan_2.wav,money,0.805661141872406,"['money', 'among', 'put', 'father', 'company']","[0.805661141872406, 0.18487145006656647, 0.0010557587957009673, 0.0009389754268340766, 0.0008726268424652517]","tensor([[0., 0., 0.,  ..., 0., 0., 0.]], device='cuda:0')",True,v33_ep19,80.57%
model_4,Hello1.mp3,girl,0.6786400079727173,"['girl', 'top', 'help', 'group', 'become']","[0.6786400079727173, 0.22691480815410614, 0.06783578544855118, 0.016290925443172455, 0.008137608878314495]","tensor([[0., 0., 0.,  ..., 0., 0., 0.]], device='cuda:0')",True,v33_ep19,67.86%
model_4,Eliza1.mp3,river,0.6461934447288513,"['river', 'water', 'within', 'well', 'without']","[0.6461934447288513, 0.16884379088878632, 0.13476763665676117, 0.024628449231386185, 0.01714705489575863]","tensor([[0., 0., 0.,  ..., 0., 0., 0.]], device='cuda:0')",True,v33_ep19,64.62%
model_4,Skywalker_en-AU-jimm.mp3,small,0.9108520746231079,"['small', 'son', 'sun', 'father', 'south']","[0.9108520746231079, 0.06423657387495041, 0.01571967639029026, 0.0061215306632220745, 0.001717363833449781]","tensor([[0., 0., 0.,  ..., 0., 0., 0.]], device='cuda:0')",True,v33_ep19,91.09%
model_4,Skywalker_en-AU-kylie.mp3,seven,1.0,"['seven', 'sun', 'served', 'father', 'following']","[1.0, 2.2571949642724576e-08, 8.933263573318584e-10, 5.139029757295077e-10, 4.5840009565978335e-10]","tensor([[0., 0., 0.,  ..., 0., 0., 0.]], device='cuda:0')",True,v33_ep19,100.00%
model_4,Thunderbolt_en-AU-jimm.mp3,number,0.9995953440666199,"['number', 'public', 'album', 'father', 'family']","[0.9995953440666199, 0.00022080754570197314, 0.00015750274178572, 1.4741526683792472e-05, 6.087414021749282e-06]","tensor([[0., 0., 0.,  ..., 0., 0., 0.]], device='cuda:0')",True,v33_ep19,99.96%
model_4,Thunderbolt_en-AU-kylie.mp3,number,0.9997113347053528,"['number', 'among', 'become', 'album', 'family']","[0.9997113347053528, 0.00015853407967370003, 0.0001294161775149405, 6.814493644924369e-07, 1.786925984958998e-08]","tensor([[0., 0., 0.,  ..., 0., 0., 0.]], device='cuda:0')",True,v33_ep19,99.97%
model_5,sam_1.wav,sun,0.6496725082397461,"['sun', 'son', 'seven', 'south', 'soon']","[0.6496725082397461, 0.2584723234176636, 0.06340748816728592, 0.011504583992064, 0.008273301646113396]","tensor([[0., 0., 0.,  ..., 0., 0., 0.]], device='cuda:0')",True,v33_ep18,64.97%
model_5,sam_2.wav,son,0.5870370268821716,"['son', 'sun', 'seven', 'set', 'south']","[0.5870370268821716, 0.2650282382965088, 0.12570564448833466, 0.013772877864539623, 0.001646377262659371]","tensor([[0., 0., 0.,  ..., 0., 0., 0.]], device='cuda:0')",True,v33_ep18,58.70%
model_5,shambu_1.wav,done,0.9155986905097961,"['done', 'young', 'show', 'children', 'himself']","[0.9155986905097961, 0.08293754607439041, 0.0005721820052713156, 0.000423610006691888, 0.00014589214697480202]","tensor([[0., 0., 0.,  ..., 0., 0., 0.]], device='cuda:0')",True,v33_ep18,91.56%
model_5,shambu_2.wav,until,0.9999979734420776,"['until', 'done', 'become', 'without', 'under']","[0.9999979734420776, 1.4481026937573915e-06, 2.546651387547172e-07, 2.2420644540943613e-07, 4.689007582214799e-08]","tensor([[0., 0., 0.,  ..., 0., 0., 0.]], device='cuda:0')",True,v33_ep18,100.00%
model_5,alexa_1.wav,idea,1.0,"['idea', 'until', 'anything', 'today', 'white']","[1.0, 1.723697096167598e-08, 1.3901149675810132e-10, 1.2941511751130008e-10, 8.625429537278961e-11]","tensor([[0., 0., 0.,  ..., 0., 0., 0.]], device='cuda:0')",True,v33_ep18,100.00%
model_5,alexa_2.wav,until,0.8354827165603638,"['until', 'few', 'become', 'idea', 'ever']","[0.8354827165603638, 0.11323954910039902, 0.014996044337749481, 0.011204665526747704, 0.0034622347448021173]","tensor([[0., 0., 0.,  ..., 0., 0., 0.]], device='cuda:0')",True,v33_ep18,83.55%
model_5,alexa_3.wav,anything,0.76080322265625,"['anything', 'until', 'within', 'everything', 'next']","[0.76080322265625, 0.12298034876585007, 0.019752291962504387, 0.018127676099538803, 0.014548462815582752]","tensor([[0., 0., 0.,  ..., 0., 0., 0.]], device='cuda:0')",True,v33_ep18,76.08%
model_5,alexa_4.wav,played,0.13012726604938507,"['played', 'please', 'every', 'play', 'well']","[0.13012726604938507, 0.11727983504533768, 0.11532270163297653, 0.09526289999485016, 0.07513769716024399]","tensor([[0., 0., 0.,  ..., 0., 0., 0.]], device='cuda:0')",True,v33_ep18,13.01%
model_5,alexa_5.wav,idea,0.9999951124191284,"['idea', 'under', 'until', 'today', 'really']","[0.9999951124191284, 4.872175850323401e-06, 2.8934373119682277e-08, 3.0854327981444385e-09, 5.430262906003236e-10]","tensor([[0., 0., 0.,  ..., 0., 0., 0.]], device='cuda:0')",True,v33_ep18,100.00%
model_5,shiva_1.wav,soon,0.8251305222511292,"['soon', 'show', 'today', 'sun', 'son']","[0.8251305222511292, 0.07920064777135849, 0.02420954965054989, 0.022970573976635933, 0.0065788091160357]","tensor([[0., 0., 0.,  ..., 0., 0., 0.]], device='cuda:0')",True,v33_ep18,82.51%
model_5,shiva_2.wav,until,0.8988261818885803,"['until', 'few', 'please', 'play', 'today']","[0.8988261818885803, 0.09889590740203857, 0.0014382520457729697, 0.0003799227124545723, 0.00015512706886511296]","tensor([[0., 0., 0.,  ..., 0., 0., 0.]], device='cuda:0')",True,v33_ep18,89.88%
model_5,munez_2.wav,within,0.5769152641296387,"['within', 'please', 'woman', 'doing', 'really']","[0.5769152641296387, 0.186874121427536, 0.1362869143486023, 0.037918880581855774, 0.026359090581536293]","tensor([[0., 0., 0.,  ..., 0., 0., 0.]], device='cuda:0')",True,v33_ep18,57.69%
model_5,munez_3.wav,today,0.5450736880302429,"['today', 'doing', 'within', 'soon', 'woman']","[0.5450736880302429, 0.1930369883775711, 0.09217236191034317, 0.07727935910224915, 0.06724990159273148]","tensor([[0., 0., 0.,  ..., 0., 0., 0.]], device='cuda:0')",True,v33_ep18,54.51%
model_5,nigga2.wav,yes,0.5785595774650574,"['yes', 'idea', 'englishman', 'knew', 'himself']","[0.5785595774650574, 0.4061523377895355, 0.014454136602580547, 0.0003720157837960869, 0.0003575035370886326]","tensor([[0., 0., 0.,  ..., 0., 0., 0.]], device='cuda:0')",True,v33_ep18,57.86%
model_5,nigga3.wav,yes,0.9999973773956299,"['yes', 'idea', 'himself', 'children', 'today']","[0.9999973773956299, 2.3723887352389283e-06, 1.2966775386757945e-07, 1.0776233949627567e-07, 7.618788266938736e-09]","tensor([[0., 0., 0.,  ..., 0., 0., 0.]], device='cuda:0')",True,v33_ep18,100.00%
model_5,kallan_1.wav,father,0.9045966863632202,"['father', 'south', 'family', 'well', 'public']","[0.9045966863632202, 0.0579896904528141, 0.01181054674088955, 0.010409759357571602, 0.008584714494645596]","tensor([[0., 0., 0.,  ..., 0., 0., 0.]], device='cuda:0')",True,v33_ep18,90.46%
model_5,kallan_2.wav,among,0.5718265175819397,"['among', 'money', 'father', 'small', 'sun']","[0.5718265175819397, 0.2875730097293854, 0.03443481773138046, 0.014343099668622017, 0.011622842401266098]","tensor([[0., 0., 0.,  ..., 0., 0., 0.]], device='cuda:0')",True,v33_ep18,57.18%
model_5,Hello1.mp3,girl,0.8773572444915771,"['girl', 'top', 'help', 'group', 'well']","[0.8773572444915771, 0.07407482713460922, 0.04256575554609299, 0.0025950500275939703, 0.0019454068969935179]","tensor([[0., 0., 0.,  ..., 0., 0., 0.]], device='cuda:0')",True,v33_ep18,87.74%
model_5,Eliza1.mp3,river,0.5398012399673462,"['river', 'father', 'water', 'without', 'well']","[0.5398012399673462, 0.1843894124031067, 0.15705907344818115, 0.04382922872900963, 0.02824053354561329]","tensor([[0., 0., 0.,  ..., 0., 0., 0.]], device='cuda:0')",True,v33_ep18,53.98%
model_5,Skywalker_en-AU-jimm.mp3,sun,0.5412134528160095,"['sun', 'son', 'south', 'seven', 'father']","[0.5412134528160095, 0.4517998695373535, 0.003102328861132264, 0.002945287385955453, 0.0005694241262972355]","tensor([[0., 0., 0.,  ..., 0., 0., 0.]], device='cuda:0')",True,v33_ep18,54.12%
model_5,Skywalker_en-AU-kylie.mp3,seven,0.9999994039535522,"['seven', 'sun', 'served', 'son', 'south']","[0.9999994039535522, 5.434749823507445e-07, 8.744384771830482e-09, 6.115002948448023e-10, 4.743049009103828e-11]","tensor([[0., 0., 0.,  ..., 0., 0., 0.]], device='cuda:0')",True,v33_ep18,100.00%
model_5,Thunderbolt_en-AU-jimm.mp3,number,0.9159955978393555,"['number', 'father', 'family', 'album', 'public']","[0.9159955978393555, 0.06535536795854568, 0.007849030196666718, 0.005515839904546738, 0.0027584261260926723]","tensor([[0., 0., 0.,  ..., 0., 0., 0.]], device='cuda:0')",True,v33_ep18,91.60%
model_5,Thunderbolt_en-AU-kylie.mp3,number,0.9911086559295654,"['number', 'among', 'family', 'become', 'sometimes']","[0.9911086559295654, 0.007668450009077787, 0.0006531629478558898, 0.0002590472577139735, 0.00015805037401150912]","tensor([[0., 0., 0.,  ..., 0., 0., 0.]], device='cuda:0')",True,v33_ep18,99.11%
model_6,sam_1.wav,sun,0.6344611048698425,"['sun', 'son', 'seven', 'soon', 'south']","[0.6344611048698425, 0.353516161441803, 0.006094306707382202, 0.003250859212130308, 0.0017890617018565536]","tensor([[0., 0., 0.,  ..., 0., 0., 0.]], device='cuda:0')",True,v33_ep16,63.45%
model_6,sam_2.wav,son,0.6006464958190918,"['son', 'sun', 'seven', 'father', 'south']","[0.6006464958190918, 0.3834218382835388, 0.004569681826978922, 0.0044961548410356045, 0.0019349197391420603]","tensor([[0., 0., 0.,  ..., 0., 0., 0.]], device='cuda:0')",True,v33_ep16,60.06%
model_6,shambu_1.wav,done,0.8115144371986389,"['done', 'young', 'show', 'children', 'family']","[0.8115144371986389, 0.18217723071575165, 0.0036324472166597843, 0.0010743987513706088, 0.0006690832669846714]","tensor([[0., 0., 0.,  ..., 0., 0., 0.]], device='cuda:0')",True,v33_ep16,81.15%
model_6,shambu_2.wav,until,0.9999597072601318,"['until', 'become', 'without', 'young', 'done']","[0.9999597072601318, 3.3770287700463086e-05, 2.3793049876985606e-06, 2.3441336907126242e-06, 1.4640479548688745e-06]","tensor([[0., 0., 0.,  ..., 0., 0., 0.]], device='cuda:0')",True,v33_ep16,100.00%
model_6,alexa_1.wav,idea,0.9972543120384216,"['idea', 'anything', 'within', 'really', 'already']","[0.9972543120384216, 0.002462352393195033, 0.00013784792099613696, 0.0001149751988123171, 6.483240213128738e-06]","tensor([[0., 0., 0.,  ..., 0., 0., 0.]], device='cuda:0')",True,v33_ep16,99.73%
model_6,alexa_2.wav,few,0.3621843457221985,"['few', 'become', 'until', 'second', 'looking']","[0.3621843457221985, 0.1992577165365219, 0.18026386201381683, 0.03063790313899517, 0.02820238471031189]","tensor([[0., 0., 0.,  ..., 0., 0., 0.]], device='cuda:0')",True,v33_ep16,36.22%
model_6,alexa_3.wav,anything,0.9032108783721924,"['anything', 'next', 'please', 'best', 'until']","[0.9032108783721924, 0.02110263891518116, 0.017146052792668343, 0.012923087924718857, 0.01170272659510374]","tensor([[0., 0., 0.,  ..., 0., 0., 0.]], device='cuda:0')",True,v33_ep16,90.32%
model_6,alexa_4.wav,played,0.43012288212776184,"['played', 'well', 'public', 'family', 'language']","[0.43012288212776184, 0.1459701806306839, 0.08460596203804016, 0.05665997788310051, 0.04603445902466774]","tensor([[0., 0., 0.,  ..., 0., 0., 0.]], device='cuda:0')",True,v33_ep16,43.01%
model_6,alexa_5.wav,idea,0.998349666595459,"['idea', 'under', 'until', 'anything', 'everyone']","[0.998349666595459, 0.0016295915702357888, 1.1250685929553583e-05, 4.706435902335215e-06, 1.0433955139887985e-06]","tensor([[0., 0., 0.,  ..., 0., 0., 0.]], device='cuda:0')",True,v33_ep16,99.83%
model_6,shiva_1.wav,soon,0.4175996482372284,"['soon', 'show', 'few', 'today', 'street']","[0.4175996482372284, 0.09730292856693268, 0.09574396908283234, 0.0724165290594101, 0.05584272742271423]","tensor([[0., 0., 0.,  ..., 0., 0., 0.]], device='cuda:0')",True,v33_ep16,41.76%
model_6,shiva_2.wav,few,0.9822549819946289,"['few', 'until', 'street', 'show', 'play']","[0.9822549819946289, 0.015376347117125988, 0.0014873043401166797, 0.00029164014267735183, 0.00014692710828967392]","tensor([[0., 0., 0.,  ..., 0., 0., 0.]], device='cuda:0')",True,v33_ep16,98.23%
model_6,munez_2.wav,wanted,0.2479129582643509,"['wanted', 'play', 'really', 'water', 'woman']","[0.2479129582643509, 0.24395236372947693, 0.1132531613111496, 0.09005079418420792, 0.0556805245578289]","tensor([[0., 0., 0.,  ..., 0., 0., 0.]], device='cuda:0')",True,v33_ep16,24.79%
model_6,munez_3.wav,within,0.4255075454711914,"['within', 'really', 'doing', 'today', 'woman']","[0.4255075454711914, 0.22238461673259735, 0.1788804829120636, 0.11780586838722229, 0.02411860041320324]","tensor([[0., 0., 0.,  ..., 0., 0., 0.]], device='cuda:0')",True,v33_ep16,42.55%
model_6,nigga2.wav,yes,0.6040462851524353,"['yes', 'englishman', 'idea', 'knew', 'war']","[0.6040462851524353, 0.20575957000255585, 0.18415449559688568, 0.0021015985403209925, 0.0014542888384312391]","tensor([[0., 0., 0.,  ..., 0., 0., 0.]], device='cuda:0')",True,v33_ep16,60.40%
model_6,nigga3.wav,yes,0.9999921321868896,"['yes', 'children', 'englishman', 'desert', 'himself']","[0.9999921321868896, 7.773168363200966e-06, 9.056331151668928e-08, 1.6404143821091566e-08, 1.3200471826735338e-08]","tensor([[0., 0., 0.,  ..., 0., 0., 0.]], device='cuda:0')",True,v33_ep16,100.00%
model_6,kallan_1.wav,south,0.8686991333961487,"['south', 'father', 'family', 'without', 'public']","[0.8686991333961487, 0.09013210982084274, 0.03713998198509216, 0.002646039240062237, 0.000582984765060246]","tensor([[0., 0., 0.,  ..., 0., 0., 0.]], device='cuda:0')",True,v33_ep16,86.87%
model_6,kallan_2.wav,money,0.8090234398841858,"['money', 'among', 'father', 'morning', 'family']","[0.8090234398841858, 0.13315890729427338, 0.012337197549641132, 0.006773898843675852, 0.004239207599312067]","tensor([[0., 0., 0.,  ..., 0., 0., 0.]], device='cuda:0')",True,v33_ep16,80.90%
model_6,Hello1.mp3,girl,0.9706918001174927,"['girl', 'top', 'heart', 'help', 'group']","[0.9706918001174927, 0.024739976972341537, 0.0018309338483959436, 0.0014837284106761217, 0.0007113110041245818]","tensor([[0., 0., 0.,  ..., 0., 0., 0.]], device='cuda:0')",True,v33_ep16,97.07%
model_6,Eliza1.mp3,water,0.29990825057029724,"['water', 'river', 'well', 'war', 'black']","[0.29990825057029724, 0.29326921701431274, 0.16622985899448395, 0.0593983419239521, 0.0369093157351017]","tensor([[0., 0., 0.,  ..., 0., 0., 0.]], device='cuda:0')",True,v33_ep16,29.99%
model_6,Skywalker_en-AU-jimm.mp3,small,0.57588130235672,"['small', 'son', 'father', 'following', 'sun']","[0.57588130235672, 0.14529559016227722, 0.14490315318107605, 0.07665327936410904, 0.043309636414051056]","tensor([[0., 0., 0.,  ..., 0., 0., 0.]], device='cuda:0')",True,v33_ep16,57.59%
model_6,Skywalker_en-AU-kylie.mp3,seven,0.9999998807907104,"['seven', 'sun', 'family', 'following', 'father']","[0.9999998807907104, 7.657285294726535e-08, 2.5695893413058002e-08, 1.57181965221298e-08, 1.2002279170530983e-09]","tensor([[0., 0., 0.,  ..., 0., 0., 0.]], device='cuda:0')",True,v33_ep16,100.00%
model_6,Thunderbolt_en-AU-jimm.mp3,public,0.8952690362930298,"['public', 'family', 'number', 'father', 'album']","[0.8952690362930298, 0.05221009626984596, 0.05030179023742676, 0.0016832388937473297, 0.00027929292991757393]","tensor([[0., 0., 0.,  ..., 0., 0., 0.]], device='cuda:0')",True,v33_ep16,89.53%
model_6,Thunderbolt_en-AU-kylie.mp3,number,0.9602007865905762,"['number', 'family', 'become', 'among', 'sometimes']","[0.9602007865905762, 0.025190498679876328, 0.01132755447179079, 0.0019693500362336636, 0.0008536647656001151]","tensor([[0., 0., 0.,  ..., 0., 0., 0.]], device='cuda:0')",True,v33_ep16,96.02%
model_7,sam_1.wav,seven,0.9994142055511475,"['seven', 'stop', 'ciudad', 'down', 'five']","[0.9994142055511475, 0.0005569517379626632, 2.440561365801841e-05, 3.215756123609026e-06, 1.165279627457494e-06]","tensor([[0., 0., 0.,  ..., 0., 0., 0.]], device='cuda:0')",True,v27_ep14_sam_detected,99.94%
model_7,sam_2.wav,ciudad,0.5064870119094849,"['ciudad', 'universidad', 'seven', 'canción', 'cuatro']","[0.5064870119094849, 0.41780245304107666, 0.02355060912668705, 0.021219253540039062, 0.02051144279539585]","tensor([[0., 0., 0.,  ..., 0., 0., 0.]], device='cuda:0')",True,v27_ep14_sam_detected,50.65%
model_7,shambu_1.wav,stop,0.8059691190719604,"['stop', 'two', 'seven', 'four', 'tiempo']","[0.8059691190719604, 0.11364270746707916, 0.05336742103099823, 0.008181561715900898, 0.0062449281103909016]","tensor([[0., 0., 0.,  ..., 0., 0., 0.]], device='cuda:0')",True,v27_ep14_sam_detected,80.60%
model_7,shambu_2.wav,two,0.34293049573898315,"['two', 'canción', 'house', 'down', 'stop']","[0.34293049573898315, 0.28856322169303894, 0.1809382438659668, 0.08670602738857269, 0.019356120377779007]","tensor([[0., 0., 0.,  ..., 0., 0., 0.]], device='cuda:0')",True,v27_ep14_sam_detected,34.29%
model_7,alexa_1.wav,five,0.9814732670783997,"['five', 'four', 'three', 'follow', 'forward']","[0.9814732670783997, 0.007941953837871552, 0.006201069802045822, 0.0026596542447805405, 0.0008435952477157116]","tensor([[0., 0., 0.,  ..., 0., 0., 0.]], device='cuda:0')",True,v27_ep14_sam_detected,98.15%
model_7,alexa_2.wav,seis,0.4972221553325653,"['seis', 'five', 'dos', 'one', 'house']","[0.4972221553325653, 0.15093249082565308, 0.04644152522087097, 0.044494397938251495, 0.04339982196688652]","tensor([[0., 0., 0.,  ..., 0., 0., 0.]], device='cuda:0')",True,v27_ep14_sam_detected,49.72%
model_7,alexa_3.wav,six,0.45140835642814636,"['six', 'three', 'five', 'encuentra', 'seis']","[0.45140835642814636, 0.15822234749794006, 0.11322011053562164, 0.09364327043294907, 0.057642996311187744]","tensor([[0., 0., 0.,  ..., 0., 0., 0.]], device='cuda:0')",True,v27_ep14_sam_detected,45.14%
model_7,alexa_4.wav,five,0.48440706729888916,"['five', 'four', 'seis', 'ciudad', 'three']","[0.48440706729888916, 0.4253234267234802, 0.04211217537522316, 0.020296581089496613, 0.0072242203168570995]","tensor([[0., 0., 0.,  ..., 0., 0., 0.]], device='cuda:0')",True,v27_ep14_sam_detected,48.44%
model_7,alexa_5.wav,forward,0.9631231427192688,"['forward', 'four', 'one', 'five', 'marvin']","[0.9631231427192688, 0.011913501657545567, 0.006623375695198774, 0.004542528185993433, 0.0037738317623734474]","tensor([[0., 0., 0.,  ..., 0., 0., 0.]], device='cuda:0')",True,v27_ep14_sam_detected,96.31%
model_7,shiva_1.wav,ciudad,0.9972630739212036,"['ciudad', 'two', 'four', 'vida', 'zero']","[0.9972630739212036, 0.002380251418799162, 0.00022264564177021384, 9.555827273288742e-05, 3.1183939427137375e-05]","tensor([[0.0000, 0.3358, 0.0000,  ..., 0.0000, 0.0000, 0.0000]],
       device='cuda:0')",True,v27_ep14_sam_detected,99.73%
model_7,shiva_2.wav,ciudad,0.8478161096572876,"['ciudad', 'two', 'zero', 'sheila', 'vida']","[0.8478161096572876, 0.14652690291404724, 0.003836228046566248, 0.0015308842994272709, 0.00018993971752934158]","tensor([[0.0000, 0.6727, 0.0000,  ..., 0.0000, 0.0000, 0.0000]],
       device='cuda:0')",True,v27_ep14_sam_detected,84.78%
model_7,munez_2.wav,four,0.944612443447113,"['four', 'follow', 'two', 'one', 'juego']","[0.944612443447113, 0.02648964338004589, 0.008870947174727917, 0.0069649782963097095, 0.006475076079368591]","tensor([[0., 0., 0.,  ..., 0., 0., 0.]], device='cuda:0')",True,v27_ep14_sam_detected,94.46%
model_7,munez_3.wav,four,0.6980834603309631,"['four', 'forward', 'follow', 'two', 'juego']","[0.6980834603309631, 0.2592179775238037, 0.030592938885092735, 0.006948977708816528, 0.0022191444877535105]","tensor([[0.0000, 0.1468, 0.0000,  ..., 0.0000, 0.0000, 0.0000]],
       device='cuda:0')",True,v27_ep14_sam_detected,69.81%
model_7,nigga2.wav,vida,0.9897086024284363,"['vida', 'ciudad', 'cinco', 'seis', 'siete']","[0.9897086024284363, 0.0097328070551157, 0.00038546824362128973, 4.163854828220792e-05, 3.9176684367703274e-05]","tensor([[0.0000, 1.3097, 0.0000,  ..., 0.0000, 0.0000, 0.0000]],
       device='cuda:0')",True,v27_ep14_sam_detected,98.97%
model_7,nigga3.wav,ciudad,0.9374533295631409,"['ciudad', 'vida', 'cinco', 'sheila', 'seis']","[0.9374533295631409, 0.06252948194742203, 1.1500314030854497e-05, 3.2534289857721888e-06, 1.5805159137016744e-06]","tensor([[0.0000, 1.1921, 0.0000,  ..., 0.0000, 0.0000, 0.0000]],
       device='cuda:0')",True,v27_ep14_sam_detected,93.75%
model_7,kallan_1.wav,seis,0.2568242847919464,"['seis', 'tres', 'dos', 'ciudad', 'stop']","[0.2568242847919464, 0.20451155304908752, 0.09478510171175003, 0.091132253408432, 0.06395158916711807]","tensor([[0., 0., 0.,  ..., 0., 0., 0.]], device='cuda:0')",True,v27_ep14_sam_detected,25.68%
model_7,kallan_2.wav,four,0.7716418504714966,"['four', 'juego', 'follow', 'two', 'one']","[0.7716418504714966, 0.06291337311267853, 0.02740384265780449, 0.02561010979115963, 0.023824023082852364]","tensor([[0., 0., 0.,  ..., 0., 0., 0.]], device='cuda:0')",True,v27_ep14_sam_detected,77.16%
model_7,Hello1.mp3,stop,0.8756456971168518,"['stop', 'dog', 'four', 'down', 'cat']","[0.8756456971168518, 0.08215060830116272, 0.021064475178718567, 0.00517941964790225, 0.004914499819278717]","tensor([[0., 0., 0.,  ..., 0., 0., 0.]], device='cuda:0')",True,v27_ep14_sam_detected,87.56%
model_7,Eliza1.mp3,left,0.8174241185188293,"['left', 'tres', 'dos', 'right', 'bed']","[0.8174241185188293, 0.06212490424513817, 0.03849738463759422, 0.02091854251921177, 0.01844780705869198]","tensor([[0., 0., 0.,  ..., 0., 0., 0.]], device='cuda:0')",True,v27_ep14_sam_detected,81.74%
model_7,Skywalker_en-AU-jimm.mp3,five,0.9996678829193115,"['five', 'follow', 'four', 'three', 'seven']","[0.9996678829193115, 0.00033008281025104225, 1.281716095036245e-06, 7.24034919130645e-07, 3.9873871315876386e-08]","tensor([[0., 0., 0.,  ..., 0., 0., 0.]], device='cuda:0')",True,v27_ep14_sam_detected,99.97%
model_7,Skywalker_en-AU-kylie.mp3,seven,0.96026611328125,"['seven', 'forward', 'three', 'follow', 'five']","[0.96026611328125, 0.036891452968120575, 0.001139058847911656, 0.0009303902043029666, 0.0007353874389082193]","tensor([[0., 0., 0.,  ..., 0., 0., 0.]], device='cuda:0')",True,v27_ep14_sam_detected,96.03%
model_7,Thunderbolt_en-AU-jimm.mp3,forward,0.6733053922653198,"['forward', 'tiempo', 'dog', 'nombre', 'juego']","[0.6733053922653198, 0.16942492127418518, 0.07103395462036133, 0.049437060952186584, 0.01594153419137001]","tensor([[0., 0., 0.,  ..., 0., 0., 0.]], device='cuda:0')",True,v27_ep14_sam_detected,67.33%
model_7,Thunderbolt_en-AU-kylie.mp3,juego,0.8685533404350281,"['juego', 'cuatro', 'cero', 'stop', 'follow']","[0.8685533404350281, 0.11477813869714737, 0.006993049290031195, 0.006591275800019503, 0.0020619898568838835]","tensor([[0., 0., 0.,  ..., 0., 0., 0.]], device='cuda:0')",True,v27_ep14_sam_detected,86.86%
model_8,sam_1.wav,seven,0.7247772812843323,"['seven', 'stop', 'ciudad', 'five', 'down']","[0.7247772812843323, 0.2574273347854614, 0.015673711895942688, 0.0014295398723334074, 0.0002372931339778006]","tensor([[0., 0., 0.,  ..., 0., 0., 0.]], device='cuda:0')",True,v27_ep9_sam_not_detected,72.48%
model_8,sam_2.wav,canción,0.40559521317481995,"['canción', 'universidad', 'cuatro', 'ciudad', 'left']","[0.40559521317481995, 0.3214326798915863, 0.11101748049259186, 0.04640164598822594, 0.040007032454013824]","tensor([[0., 0., 0.,  ..., 0., 0., 0.]], device='cuda:0')",True,v27_ep9_sam_not_detected,40.56%
model_8,shambu_1.wav,two,0.7634913921356201,"['two', 'tiempo', 'stop', 'three', 'seven']","[0.7634913921356201, 0.09130260348320007, 0.029683507978916168, 0.02090311609208584, 0.019230714067816734]","tensor([[0.0000, 0.5727, 0.0000,  ..., 0.0000, 0.0000, 0.0000]],
       device='cuda:0')",True,v27_ep9_sam_not_detected,76.35%
model_8,shambu_2.wav,two,0.9277535080909729,"['two', 'down', 'canción', 'ocho', 'dos']","[0.9277535080909729, 0.014751780778169632, 0.010690701194107533, 0.01007425133138895, 0.006657149642705917]","tensor([[0.0000, 0.0721, 0.0000,  ..., 0.0000, 0.0000, 0.0000]],
       device='cuda:0')",True,v27_ep9_sam_not_detected,92.78%
model_8,alexa_1.wav,five,0.41150957345962524,"['five', 'right', 'house', 'universidad', 'encuentra']","[0.41150957345962524, 0.32767483592033386, 0.08207744359970093, 0.04608691856265068, 0.0256818737834692]","tensor([[0., 0., 0.,  ..., 0., 0., 0.]], device='cuda:0')",True,v27_ep9_sam_not_detected,41.15%
model_8,alexa_2.wav,five,0.29065483808517456,"['five', 'house', 'right', 'eight', 'ocho']","[0.29065483808517456, 0.22937405109405518, 0.2048235982656479, 0.08987698704004288, 0.04612994194030762]","tensor([[0., 0., 0.,  ..., 0., 0., 0.]], device='cuda:0')",True,v27_ep9_sam_not_detected,29.07%
model_8,alexa_3.wav,right,0.8550194501876831,"['right', 'five', 'three', 'eight', 'forward']","[0.8550194501876831, 0.08216441422700882, 0.027772193774580956, 0.006277963053435087, 0.005745997652411461]","tensor([[0., 0., 0.,  ..., 0., 0., 0.]], device='cuda:0')",True,v27_ep9_sam_not_detected,85.50%
model_8,alexa_4.wav,five,0.9547321796417236,"['five', 'right', 'nine', 'one', 'four']","[0.9547321796417236, 0.013137297704815865, 0.013054539449512959, 0.0064133815467357635, 0.005409046541899443]","tensor([[0., 0., 0.,  ..., 0., 0., 0.]], device='cuda:0')",True,v27_ep9_sam_not_detected,95.47%
model_8,alexa_5.wav,house,0.5273397564888,"['house', 'right', 'happy', 'three', 'eight']","[0.5273397564888, 0.2003503441810608, 0.0656946450471878, 0.06288233399391174, 0.038900453597307205]","tensor([[0., 0., 0.,  ..., 0., 0., 0.]], device='cuda:0')",True,v27_ep9_sam_not_detected,52.73%
model_8,shiva_1.wav,ciudad,0.7962126731872559,"['ciudad', 'two', 'zero', 'four', 'sheila']","[0.7962126731872559, 0.193056121468544, 0.005010245833545923, 0.0028205839917063713, 0.0018836748786270618]","tensor([[0.0000, 0.4723, 0.0000,  ..., 0.0000, 0.0000, 0.0000]],
       device='cuda:0')",True,v27_ep9_sam_not_detected,79.62%
model_8,shiva_2.wav,ciudad,0.6489897966384888,"['ciudad', 'two', 'sheila', 'zero', 'three']","[0.6489897966384888, 0.34289538860321045, 0.002237737877294421, 0.0021129718516021967, 0.0009357505477964878]","tensor([[0.0000, 0.6659, 0.0000,  ..., 0.0000, 0.0000, 0.0000]],
       device='cuda:0')",True,v27_ep9_sam_not_detected,64.90%
model_8,munez_2.wav,one,0.6598973870277405,"['one', 'learn', 'uno', 'follow', 'nueve']","[0.6598973870277405, 0.07984787225723267, 0.05331819877028465, 0.04325020685791969, 0.036433540284633636]","tensor([[0., 0., 0.,  ..., 0., 0., 0.]], device='cuda:0')",True,v27_ep9_sam_not_detected,65.99%
model_8,munez_3.wav,learn,0.47537872195243835,"['learn', 'nueve', 'encuentra', 'one', 'número']","[0.47537872195243835, 0.23654666543006897, 0.07912863045930862, 0.07228890061378479, 0.02417922206223011]","tensor([[0.0000, 0.0435, 0.0000,  ..., 0.0000, 0.0000, 0.0000]],
       device='cuda:0')",True,v27_ep9_sam_not_detected,47.54%
model_8,nigga2.wav,vida,0.996405839920044,"['vida', 'visual', 'eight', 'cinco', 'universidad']","[0.996405839920044, 0.003237761789932847, 0.00019796098058577627, 4.022235225420445e-05, 3.88816260965541e-05]","tensor([[0.0000, 1.8338, 0.0000,  ..., 0.0000, 0.0000, 0.0000]],
       device='cuda:0')",True,v27_ep9_sam_not_detected,99.64%
model_8,nigga3.wav,vida,0.9992652535438538,"['vida', 'ciudad', 'cinco', 'visual', 'left']","[0.9992652535438538, 0.0006999422330409288, 2.2771511794417165e-05, 5.4043102863943204e-06, 4.312539203965571e-06]","tensor([[0.0000, 2.4129, 0.0000,  ..., 0.0000, 0.0000, 0.0000]],
       device='cuda:0')",True,v27_ep9_sam_not_detected,99.93%
model_8,kallan_1.wav,color,0.8486930131912231,"['color', 'cuatro', 'follow', 'juego', 'cero']","[0.8486930131912231, 0.07606407254934311, 0.02932542935013771, 0.02094203606247902, 0.0038652827497571707]","tensor([[0., 0., 0.,  ..., 0., 0., 0.]], device='cuda:0')",True,v27_ep9_sam_not_detected,84.87%
model_8,kallan_2.wav,follow,0.475096195936203,"['follow', 'forward', 'juego', 'four', 'color']","[0.475096195936203, 0.2659473121166229, 0.1298009306192398, 0.0521671324968338, 0.03301554545760155]","tensor([[0., 0., 0.,  ..., 0., 0., 0.]], device='cuda:0')",True,v27_ep9_sam_not_detected,47.51%
model_8,Hello1.mp3,dog,0.3505401313304901,"['dog', 'four', 'two', 'follow', 'stop']","[0.3505401313304901, 0.28058555722236633, 0.15804994106292725, 0.07444247603416443, 0.0644204318523407]","tensor([[0., 0., 0.,  ..., 0., 0., 0.]], device='cuda:0')",True,v27_ep9_sam_not_detected,35.05%
model_8,Eliza1.mp3,left,0.9778925776481628,"['left', 'right', 'bed', 'dos', 'tres']","[0.9778925776481628, 0.008484765887260437, 0.003819013014435768, 0.001956794410943985, 0.0019254614599049091]","tensor([[0., 0., 0.,  ..., 0., 0., 0.]], device='cuda:0')",True,v27_ep9_sam_not_detected,97.79%
model_8,Skywalker_en-AU-jimm.mp3,five,0.9830789566040039,"['five', 'follow', 'four', 'forward', 'three']","[0.9830789566040039, 0.016616415232419968, 0.0002761797222774476, 1.7123915313277394e-05, 8.066617738222703e-06]","tensor([[0., 0., 0.,  ..., 0., 0., 0.]], device='cuda:0')",True,v27_ep9_sam_not_detected,98.31%
model_8,Skywalker_en-AU-kylie.mp3,follow,0.436775803565979,"['follow', 'five', 'forward', 'four', 'seven']","[0.436775803565979, 0.36943453550338745, 0.1607876718044281, 0.01856146566569805, 0.013950078748166561]","tensor([[0., 0., 0.,  ..., 0., 0., 0.]], device='cuda:0')",True,v27_ep9_sam_not_detected,43.68%
model_8,Thunderbolt_en-AU-jimm.mp3,tiempo,0.7216338515281677,"['tiempo', 'cinco', 'nombre', 'forward', 'stop']","[0.7216338515281677, 0.23712676763534546, 0.01928349770605564, 0.018956482410430908, 0.0013932975707575679]","tensor([[0., 0., 0.,  ..., 0., 0., 0.]], device='cuda:0')",True,v27_ep9_sam_not_detected,72.16%
model_8,Thunderbolt_en-AU-kylie.mp3,tiempo,0.36424317955970764,"['tiempo', 'juego', 'cuatro', 'cinco', 'stop']","[0.36424317955970764, 0.30214065313339233, 0.1743352711200714, 0.07705742865800858, 0.03449193760752678]","tensor([[0., 0., 0.,  ..., 0., 0., 0.]], device='cuda:0')",True,v27_ep9_sam_not_detected,36.42%
